"Trait","Minimum","Mean","Maximum","SD","NC13-20076","GA06493-13LE6"
"Visual Ratings","0.3134  ","1.1584  ","1.9200  ",0.325757140932074,0.466531429422421,1.92003036185184
"Fusarium Damaged Kernels","1.974  ","3.231  ","4.348  ",0.426146259526556,1.9744307209623,4.3478127012439
"DON Content","0.3957  ","1.8787  ","3.5322  ",0.498549534554988,0.395744771283245,3.53218499457383
"Heading Date"," 92.21  "," 99.38  ","104.12  ",1.97939689475955,96.7818855424871,101.332718863973
"Plant Height"," 74.38  "," 91.73  ","105.00  ",5.68442355928529,91.7953102511725,92.8750000000318
