"QTL","N","Chromosome","Left Marker","Left Position (cM)","Left Position (Mbp)","Peak Marker","Peak Position (cM)","Peak Position (Mbp)","Right Marker","Right Position (cM)","Right Position (Mbp)","LOD","PV","Effect"
"QHd.nc-4A",1,"4A","S4A_603050415",52,603.1,"S4A_618412625",82,618.4,"S4A_695721444",114.4,695.7,4.45884964520682,5.04161785380859,-0.4885695669692
"QPht.nc-4A",2,"4A","S4A_603050415",52,603.1,"S4A_620175647",74,620.2,"S4A_636123939",100.1,636.1,3.94101249690415,8.0028881290185,-1.82330386589246
"QHd.nc-5A.1",3,"5A","S5A_574743604",130.5,574.7,"S5A_584821782",138,584.8,"S5A_595393566",143.2,595.4,13.5678181423345,17.4990412177674,-0.804539210747364
"QHd.nc-5A.2",3,"5A","S5A_673738365",200.1,673.7,"S5A_684942583",208,684.9,"S5A_690193982",217.7,690.2,10.1202869628905,12.4106223608939,-0.684052080587646
"QPht.nc-6A",2,"6A","S6A_67125288",21.7,67.1,"S6A_459678701",34,459.7,"S6A_584998514",47.1,585,10.0200442155175,22.2345407670774,2.68442213123808
"QHd.nc-6D",2,"6D","S6D_38817192",61.2,38.8,"S6D_422078602",82,422.1,"S6D_455457951",107.6,455.5,1.9283338462286,2.10407001577071,0.277140559693135
"QHd.nc-7B",4,"7B","S7B_3366051",11.4,3.4,"S7B_12830492",30,12.8,"S7B_24421543",53.7,24.4,9.37292382044962,11.3702755384789,-0.653704480917177
